{
  "CITY": {
    "Sport": "$405,900.00",
    "Prime": "$437,900.00",
    "Touring": "$468,900.00"
  },
  "CIVIC": {
    "i-Style": "$590,900.00",
    "Sport HEV": "$694,900.00",
    "Touring": "$734,900.00"
  },
  "ACCORD": {
    "Prime": "$775,900.00",
    "Touring": "$915,900.00"
  },
  "BRV": {
    "Uniq": "$488,900.00",
    "Touring": "$529,900.00"
  },
  "HRV": {
    "Uniq": "$610,900.00",
    "Sport": "$650,900.00",
    "Touring": "$680,900.00"
  },
  "CRV": {
    "Turbo": "$748,900.00",
    "Turbo Plus": "$804,900.00",
    "Touring": "$858,900.00",
    "Touring Hev": "$947,900.00"
  },
  "PILOT": {
    "Touring": "$1,200,900.00",
    "Black Edition": "$1,230,900.00"
  },
  "ODYSSEY": {
    "Touring": "$1,182,900.00",
    "Black Edition": "$1,212,900.00"
  }
}
